Подія,Товар 1,Товар 2,Товар 3,Товар 4,Товар 5,Товар 6,Товар 7,Товар 8,Товар 9,Товар 10,Товар 11,Товар 12,Товар 13,Товар 14,Товар 15
Новий рік,різдвяний прикраса,подарунковий набор,шампанський,торт,світильник,подарунковий картка,кошик для подарунок,часниковий прикраса,святковий одяг,гірлянда,іграшка на ялинка,різдвяний сніговик,календар на новий рік,тематичний чашка,святковий серветка
День Святого Валентина,романтичний листівка,квіти,шоколад,подарунковий набор,парфуми,ювелірний прикраса,серце з плюш,медовий продукт,сертифікат на масаж,романтичний набор для два,квіти в коробка,іграшка,романтичний вечеря,іменний подарунок,
Літній відпочинок,сонцезахисний крем,пляжний рушник,пляжний окуляри,крем для після сонце,плавка,рюкзак для пікнік,шезлонг,накидка на пляж,водній ігра,пляжний сумка,книжка для відпочинок,термоси,спортивний аксесуара,фрукт для пікніка,
День матері,подарунок для мати,парфуми,кошик для квіти,набор для макіяж,ювелірний прикраса,рамка для фотографія,теплий пледа,чашка з напис,подарунковий набор,косметичний засіб,декор для дім,квіти,подарунок ручний робота,тематичний прикраса,
Хелловін,костюм,декор для дім,світильник,маска,печиво у вигляд монстр,гелевий свічка,декоративний павук,ремін для костюм,шкіряний рукавичка,набор для макіяж,чашка,страхітливий фігурка,картка з привітання,подарунок для дитина,
День захисника,іграшка для дорослий,сувенір,фоторамка,гармоніум,фігурка,годинник,шарфа,сокир,термоконтейнер,спортивний м’ячо,туристичний аксесуара,театр,картина,тематичний футболка,
Робочі дні,мобільний аксесуара,органайзер,записник,чашка,книга,підставка для телефон,склоочищувач,комп’ютерний техніка,портфель,ручка,гаманка,картка на шопінг,майка,портативний зарядний пристрій,
День святого Патрика,шампанський,сувенір зелений колір,келих для пиво,футболка з напис,шарфик,шапка,солодощі,декор для дім,тематичний чашка,ручка,прикраса,стакан,набор для чаювання,подарунковий кошик,
День незалежності,книга про історія,Флешка,сувенір з патріотичний напис,горілка,пиво,чашка,подарунковий набор,гриб,листівка з прапор,шарфа,тематичний плакат,фоторамка,парфуми,модний річ,
День святого Миколая,іграшка для дитина,солодощі,чарівний коробка,мандарин,шоколадка,подарунковий пакет,свічка,тематичний декорація,декор для дім,сертифікат для покупка,ремесло,термокружка,збільшувальний лінз,аксесуара для дитина,
Випускний у школі,сукня для випускниця,костюм для випускник,квіти,фотоальб,подарунковий ручка,біжутерія,годинник,гелевий кулька,солодкий стіл,дипломний рамка,книга з побажання,набір для вечірка,фотозона,косметик,туфля
Хрестини,Крижма,хрестик,ікона,свічка для хрестин,одяг для немовля,книга побажання,пелюшка,подарунковий коробка,фотоальб,сертифікат на фотосесія,"ложечка "" на перший зубчик """,набір для купання,косметик для немовлят,набір для малювання відбиток,іменний подушка
День програміста,механічний клавіатура,ергономічний миша,чашка з код,футболка з жарт про код,USB - хаба,лампа з RGB підсвітка,сертифікат на Steam,підставка для ноутбук,блокнот з код,навушник,Стікерпак,наплічник для гаджет,портативний зарядний,екранний очищення,попсокет
Пікнік,кошик для пікніка,посуд багаторазовий,термос,ковдра,мангал,вугілля,запальничка,складний стілець,скатертина,холодильник сумка,крем від комар,однораз серветка,напій,фрукт,колонка Bluetooth
День вчителя,блокнот,квіти,солодощі,настільний органайзер,чашка з надпис,сертифікат в магазин,подарунковий ручка,настільний годинник,косметичний набір,Аромасвічка,теплий шарф,годинник,обкладинка на щоденник,подарунковий календар,книга
День енергетика,ліхтарик,універсальний інструмент,кавоварка,термокружка,кепка з логотип,набір для виживання,сертифікат на відпочинок,батарейка,PowerBank,поясний сумка,куртка,блокнот з енергетичний тематика,Гаманець,Міні - пилосос для авто,бездротовий навушник
Перше вересня,канцелярія,портфель,зошит,Пенал,олівець,ручка,щоденник,гумка,Ланчбокс,бутилка для вода,одяг для школа,квіти вчитель,наклейк,кольоровий папір,папка для зошит
День психолога,набір аромамасел,книга з психологія,набір для чаювання,щоденник емоція,набір антистрес,карта метафоричний,Аромасвічка,стильний чашка,блокнот з цитата,планер,декоративний подушка,кімнатний рослина,сертифікат на релакс - послуга,окулярин для зір,плед
День народження бабусі,халат,теплий капка,чайник,набір чай,в’язальний набір,фотоальб,книга улюблений жанр,косметик для догляд,мед,подушка з вишивка,хустка,окулярин,настінний календар,посуд,домашній печиво
День кота,іграшка для кіт,лежак,корма преміум,котячий туалет,наповнювач,домік для кіт,ласощі,гребінець,миска,автоматичний годівниця,нашийник,сумка - переноска,одяг для кіт,лазерний указка,дряпка
Свято врожаю,кошик для фрукт,сухофрукт,мед,банка для консервація,горіх,садовий інвентар,фартух,скатертина,свічка з кориця,гарбузовий пиріг,декор з листя,термочашка,вінок з колосок,яблучний варення,теплий плед
Початок навчального року,Пенал,зошит,портфель,щоденник,ручка,олівець,наклейк,лінійка,фломастер,папка для зошит,Ланчбокс,бутилка для вода,форма,книга,подарунковий календар
День рибалки,вудочка,наживка,човен надувний,крісло для риболовля,термос,ліхтарик,Кепка,рукавичок,набір гачок,снасть,коробка для наживка,поясний сумка,бінокль,намет,рюкзак
Фестиваль вуличної їжі,Гриль,посуд одноразовий,шашлик - набір,газовий плита портативний,фартух,рукавичок,лопатка для гриля,набір спеція,пластиковий контейнер,серветка,стіл складаний,крісло складаний,льодогенератор,термобокс,кетчуп / соус
Зимові канікули,санка,гарячий шоколад,плед,термобілизна,рукавичок,шапка,Грілка,снігоступ,чай зимовий,книжка,Фонарик,настільний гра,ковзан,Какао,мандарин
День піклування про себе,Аромасвічка,сіль для ванна,маска для обличчя,пін для ванна,теплий халат,плед,улюблений книжка,косметичка,масажер,чай заспокійливий,підставка для ванна,склянка для вино,музика для релакс,піжама,ручний зволожувач
День науки,модель атом,книга про всесвіт,мікроскоп,настільний гра на логіка,набір для експеримент,футболка з формула,термочашка,3D - пазл,постер з відкриття,блокнот,ручка,Маркер,склянка з формула,брелок у форма молекула,лабораторний халат
Кіберспортивний турнір,геймерський мишка,клавіатура з підсвітка,навушник,мікрофон,ігровий стілець,монітор,килимок для миша,енергетичний напій,блок живлення,сертифікат в Steam,геймпад,тематичний футболка,Кепка,фігурка з гра,чашка з логотип гра
День музики,колонка,навушник,Вініл платівка,мікрофон,Караоке - набір,плакат з улюблений виконавець,підставка для гітар,чистячий набір для вініловий диск,блокнот з ніт,косметик для сцена,сертифікат на музика,тематичний футболка,гітарний каподастр,Метрон,флешка з музика
Фестиваль світла,світлодіодний гірлянда,проєктор зоряний небо,свічка,лампа на батарейк,світловий куля,тематичний ліхтар,Пауербанк,рукавичок з LED,фотозона,теплий носка з вогник,декоративний підсвічник,лампа для тераса,ліхтарик,фонарик,LED - браслет
Свято кави,кавомолка,кава в зерно,чашка кавовий,печиво,термочашка,фартух,молочник,цукорниця,набір спеція,Аромасвічка,постер з кава,книга про кава,мішечок з зерно,набір дегустаційний,
Фестиваль кольору,фарба холя,футболка білий,окулярин,маска для обличчя,грим,фотоапарат одноразовий,Кепка,браслета,рюкзак,пляшка вода,кольоровий серветка,пакет,тематичний наклейк,чохол для телефон,захисний крем
Свято морозива,морозиво,ріжка,сироп,шоколадний стружка,кулінарний формочка,книга з рецепт,чаш для морозиво,ложка,серветка,скатертина,фартух,сонцезахисний окуляри,плакат,морожениця,підставка
День домашніх тварин,корма,миска,іграшка,лежак,ковдра,нашийник,повідок,сумка - переноска,ласощі,Шампунь,щітка,аптечка,туалет для тварина,фонтанчик для пиття,плед
День фотографа,камера,Тринога,сумка для фотоапарат,Флешка,Лайтбокс,ремінець,Фоторюкзак,планшет,пакет фільтри,лінз,акумулятор,програма для обробка,фоторамка,постер,настільний лампа
День коміксів,комікс,фігурка супергерій,футболка з герой,постер,стікер,Ланчбокс,чашка,блокнот,брелок,Кепка,косметичка,обкладинка на зошит,наклейк,світильник у форма герой,Флешка
День еколога,мішечок для покупок,бамбуковий зубний щітки,пляшка багаторазовий,сортувальний контейнер,еко-зошит,олівець з насіння,термос,кружка з пробка,Ланчбокс,маска для сон,еко-сумка,чистячий засіб еко,сертифікат на посадка дерево,футболка з принт,книга про природа
Ярмарок ремесел,пряж,нитка,гачка для в’язання,тканина,клей - пістолет,декоративний стрічка,фурнітура,бісер,набір для квілінг,підрамник,фарба,кисть,книга з технік,сумка для інструмент,органайзер
День добрих справ,щоденник добрий,сертифікат на благодійність,набір листівка,чашка з напис,подарунковий коробка,пакет для збір річ,стікер з цитата,тематичний календар,блокнот,плакат,сумка - шопер,книга мотиваційний,плед,футболка з надпис,термочашка
Картопляна субота,Лопата,картоплекопалка,насіння,відро,фартух,рукавиця сад,мішок,тачка,зошит аграрія,компостер,термос,відерце для миття,ковдра для пікніка,книга про городництво,підстилка
День планети,книга про екологія,постер з Земля,сонячний ліхтарик,рослина,квітковий горщик,сумка - шопер,набір для сортування сміття,пляшка для вода,ручка з перероблений пластика,плакат,зошит з екоматеріал,екоторбинка,пакет багаторазовий,Ланчбокс,футболка еко
День блогера,штатив,смартфон - тримач,світло кільцевий,мікрофон,Фон,блокнот ідея,планер,постер,аксесуара для фото,Павербанк,навушник,програма для монтаж,Селфі - стекти,чохол з логотип,наліпок
День без авто,шолом,світловідбивач,рюкзак,бутилка для вода,мапа місто,ліхтарик,велонабір,футболка,Кепка,чашка для кава,наліпка з заклик,Ланчбокс,ремкомплект,підставка для телефон,мапа веломаршрут
День тиші,Беруш,плед,маска для сон,Аромасвічка,м’який іграшка,книга,тихий музика,навушник з шумозаглушення,постер з цитата,чашка,медитаційний підстилка,дифузор,олія лаванда,теплий шкарпетка,щоденник
Свято ліхтариків,світильник,ліхтарик на батарейк,свічка,гірлянда,паперовий ліхтар,світлодіода,Фонарь - брелок,проєктор зоряний небо,плакат із зірка,теплий ковдр,чашка з вогник,малюнок зі світло,Скетчбук,Аромасвічка,гірлянда - кліпесь
Тиждень моди,аксесуара,окулярин,шарф,клатч,браслета,туфля,книга з тренд,парфуми,журнал мода,чохол глянцевий,косметик,блокнот дизайнер,планер образ,сумка,футболка з принт
День волонтера,Шопер,наліпок,футболка з логотип,блокнот волонтер,пляшка для вода,термокружка,мотиваційний книга,подарунок підопічний,сумка - рюкзак,щоденник,листівка,Аромасвічка,плакат,ручка,сертифікат вдячність
Свято книг,книга,закладка,плед,чашка з цитата,настільний лампа,блокнот,подарунковий коробка,обкладинка,щоденник,постер з герой,футболка з цитата,книжковий полиця,тематичний стікер,сертифікат у книгарня,календар
День стартапів,планер,блокнот для ідея,Маркер,Фліпчарт,постер,футболка з логотип,кружка,портативний колонка,презентаційний клікер,сертифікат у кав’ярня,наліпок,ручка брендний,рюкзак,книга про бізнес,термочашка
Свято осені,плед,кружка з гарбуз,постер,Гарбуз,декор з листя,шарф,свічка,книга,осінний вінок,скатертина,форма для печив,гірлянда,чай,солодощі,світильник
Фестиваль барбекю,мангал,Шампура,решітка,щипка,соус,м’ясо,овочі,фартух,серветка,Гриль,перчатка,посуд одноразовий,скатертина,термосумка,мішок для сміття
Велопробіг,Велошол,рукавичок,пляшка,підніжка,насос,Фара,світловідбивачий,спортивний футболка,сумка на рам,очка,ліхтарик,наліпок,чохол,Кепка,Гаманець
День подорожей,валіза,маска для сон,подушка,рюкзак,термочашка,Пауербанк,книга,планер,футболка,карта світ,навушник,сонцезахисний окуляри,косметичка,чохол для паспорт,ручка
Свято шоколаду,шоколад плитка,фонтан для шоколад,форма для цукерок,книга з рецепт,Какао,кружка,постер,сертифікат у кав’ярня,плед,мішечок,посуд для десерт,цукерка,підставка,пакування,свічка з аромат
Місячник здоров'я,скакалка,фітнес - гумка,пляшка,салатниця,книга про здоров’я,браслет,Шейкер,термос,настільний планер,сертифікат у спортзал,мотиваційний наліпка,килимок,рушник,масажер,овочерізка
День гри на гітарі,Гітар,медіатор,чохол для гітар,струна,Тюнер,каподастр,музичний стенд,підставка,нотний зошит,акустичний система,книга акорд,чашка з ніт,серветка для чищення,настінний постер,футболка з гітара
Свято чаю,чай зелений,чай чорний,посуд для заварювання,посуд для чаювання,мед,цукерка,постер з чай,сертифікат в чайний,чашка з напис,набір чайний ложок,чайник,термос,Аромасвічка,скатертина,печиво
День поезії,збірка вірш,перо,блокнот,чорнильний ручка,папір ручний робота,чашка з цитата,плакат з поезія,Стікерпак,маркер,теплий плед,настільний лампа,закладка,листівка,книга про поет,щоденник натхнення
Кіноніч,попкорн,плед,проєктор,екран,сертифікат в кіно,настільний лампа,напій,фільм на флешка,подушка,тематичний постер,світлодіодний гірлянда,ковдра,чашка з герой,картка глядач,набір смаколик
День сну,маска для сон,піжама,плед,Аромасвічка,подушка ортопедичний,чай для сон,блокнот сновидіння,книга перед сон,теплий шкарпетка,нічник,окулярин для сон,косметик для нічний догляд,пін для ванна,матрац,навушник з шумозаглушення
День сім’ї,фоторамка,постер сімейний,плед,книга спогад,сертифікат на фотосесія,кружкий парна,настільний гра,альб,свічка,настільний календар,косметик універсальний,термочашка,книга для читання вголос,декор,маска для обличчя
Фестиваль кольорів,фарба холя,окулярин,маска,білий футболка,Кепка,пляшка для вода,музика,браслета,наліпок,Селфі - стекти,палатка,наплічник,грим,сонцезахисний крем,мило
Велике прибирання,губка,пилосос,Швабро,засіб для вікно,перчатка,пакет для сміття,тряпка,мийка,щітка,органайзер,пляшка з розпилювач,аромаосвіжувач,техніка для прибирання,планер,моп
День блогера,штатив,Селфі - стекти,кільцевий світло,мікрофон - петличка,футболка з логотип,щоденник ідея,чохол для телефон,графічний планшет,фон для відео,кольоровий лампа,навушник,кружка з нік,стікер,блокнот,
Свято печива,форма для печив,кондитерський мішок,шоколадний стружка,посуд для випікання,книга з рецепт,серветка,фартух,скалка,прикраса їстівний,Какао,масло,мішок мука,цукорниця,постер,баночка для печив
День малювання,набір фарб,пензля,полотно,Мольберт,олівець,гумка,Скетчбук,книга з малювання,фартух,Клячко,акварельний папір,лінер,палітро,канцелярський ніж,рамка
День подкастів,мікрофон,навушник,поп-фільтр,підставка для мікрофон,звукоізоляційний панель,зошит для ідея,кавовий чашка,Стікерпак,планер,постер студійний,Коврик для миша,світло для запис,Пауербанк,сертифікат на монтаж,
Свято акварелі,набір акварель,пензля м’який,палітро,водяний пензель,папір акварельний,Скетчбук,фартух,пляшечка для вода,наклейк,книга по акварель,тубус,маркер білий,ластик,сумка для приладдя,
Ніч фільмів жахів,проєктор,попкорн,темний плед,Какао,свічка,фільм жах на USB,настільний лампа,плакат фільм,маска,скелетик,посуд для сніданок,солодощі,крісло - мішок,чашка з герой,книга Стівен Кінга
Сніданок на балконі,кавоварка,посуд сніданковий,піднос,термочашка,мед,сир,фрукт,скатертина,серветка,плед,радіо,книга,квітка в горщик,футболка з принт,сонцезахисний окуляри
День кавуна,кавуновий ніж,дошка для різання,посуд із принт кавуна,серветка,пляжний ковдр,сонцезахисний крем,кошик,пляшка для вода,мʼятний сироп,трубочка,капелюх,смугастий футболка,льодогенератор,блокнот у форма кавуна,
Майстер-клас з вишивки,п’яльце,голка,муліне,тканина,ножиця,схема,контейнер для ниток,настільний лампа,маркер для тканина,папка з робота,органайзер,блокнот для ідея,книга з вишивка,серветка,фартух
День капелюха,капелюх,декоративний стрічка,брошка,сонцезахисний окуляри,футболка,дзеркальце,сумка,постер,подарунковий коробка,світильник,фотоальб,гребінець,парфуми,ремінь,
День домашнього кіно,телевізор,крісло - мішок,проєктор,покривати,колонка,пульт,чіпс,газований напій,попкорн,LED - підсвітка,постер з фільм,Флешка,книга - кіногід,термочашка,блокнот глядач
Фестиваль спецій,баночка для спеція,подарунковий набір спеція,фартух,млин для перця,рецептник,скляний контейнер,книга про спеція,чай,скатертина,тарілка,серветка,ложка,мішечка,футболка з напис,Аромасвічка
День повітряних зміїв,повітряний змій,рукавичок,окулярин від сонце,Кепка,сонцезахисний крем,кросівка,рюкзак,футболка,пляшка для вода,блокнот,камера,Коврик для сидіння,наклейк,паперовий прапорка,печиво
День природи,сумка - шопер,флешка з документ,Кепка,термос,книга про природа,рукавичок,Біно́кль,олівець,альб для скетч,браслет,постер,набір рослина,горщик,пакет для сміття,зошит
День яктінгу,яктинг - капелюх,окулярин,крем для засмага,брелок рятівний круг,кросівка для вода,годинник,термос,набір перекус,поясний сумка,план навігація,ліхтарик,водонепроникний чохол,карта узбережжя,мапа зоряний небо,журнал подорож
День спогадів,фотоальб,рамка,плакат,блокнот спогад,кружка,настільний лампа,наклейк,книга,квітка в горщик,плед,м’який іграшка,музика,аромапаличка,щоденник,подарунковий коробка
День котиків і кави,чашка з котик,футболка з принт,плакат,кава,молочник,килимок для миша,котячий іграшка,подушка,книга,крем для рука,плед,підставка для чашка,Карамель,закладка,серветка
День караоке,мікрофон,колонка,екран,проєктор,пісенник,чіпс,напій,плакат із виконавець,світлодіодний підсвітка,маска для виступ,костюм,планшет з текст,термочашка,Стікерпак,гірлянда
Свято печіва,форма для випікання,цукровий пудр,розкатка,шоколад,кулінарний щипка,фартух,скалка,прикраса для десерт,серветка,книга з рецепт,тарілка,солодощі,Вінчик,чайник,Какао
День космосу,телескоп,зоряний мапа,постер з галактика,світильник - марс,футболка з NASA,книга про всесвіт,кружка з космос,наліпок,блокнот,куля - антистрес,планетарій,сертифікат у планетарії,Ланчбокс,термос,світлодіодний проєктор
День психології,книга з психологія,антистрес - іграшка,Аромасвічка,набір масло,подушка,футболка з мотивація,картка емоція,блокнот,щоденник,планер,чай,постер з цитата,плед,канцелярія,ручка
Свято дощу,парасолька,дощовик,гумовий чобіт,шарф,кавовий чашка,плед,книга,Аромасвічка,фоторамка,світильник,"футболка "" любити дощ """,маска для обличчя,серветка,термос,наклейк
Вечір поезії,книга з вірш,чашка з цитата,свічка,плед,блокнот,ручка,листівка,квітка,постер,аромапаличка,настільний лампа,шоколад,папка,календар з поезія,футболка з рядок
День електронної музики,навушник,саундтрек,футболка з логотип,саунд - панель,кольоровий лампа,Кепка,постер,Пауербанк,графічний планшет,колонка,наклейк,лампа - нічник,Мікшер,USB - флешка,світлодіодній окуляри
День велосипеда,шолом,фляга,рукавичок,насос,світловідбивачий,сумка на рам,окулярин,футболка,рюкзак,комп’ютер для вело,ліхтарик,дзвінок,кріплення для телефон,наліпок,чашка з вело - гумор
Фестиваль кавуна,футболка з кавун,серветка,форма для вирізання,скатертина,сік кавуновий,морозиво,чаша,тарілка,пляжний рушник,капелюх,очка,плакат,наклейк,чашка з принт,світильник у форма кавуна
День добрих новин,газета позитивний,чашка з напис,футболка з усмішка,блокнот для подяк,планер,наліпок,постер з цитата,книга,квітка в горщик,сертифікат,чохол з посмішка,свічка,ручка,календар радість,
Свято настільних ігор,настільний гра,фішка,кубик,гральний поле,пісочний годинник,планшет,чіпс,напій,стіл,світильник,плакат гра,наліпок,Міні - фігурка,органайзер,скатертина
Ніч зорепаду,ковдра,термос,телескоп,карта зоряний небо,планшет,Фонарик,плед,подушка,чашка,камера,сумка,книга,настільний лампа,тематичний наклейк,Аромасвічка
День лідерства,книга з мотивація,блокнот,планер,ручка,футболка з напис,плакат,пляшка,кавовий чашка,наліпок,сертифікат на розвиток,Гаманець,косметичка,сумка,термочашка,календар ціль
Свято літа,парасолька пляжний,рушник,купальник,окулярин,сонцезахисний крем,шльопанець,капелюх,сумка,пляшка,книга,плед,набір для лимонад,скатертина,постер,музика
День книгоманів,книга,плед,закладка,чашка з принт,постер,світильник,футболка,рюкзак,органайзер,настільний гра,наліпок,косметик,Стікерпак,щоденник читач,підставка для книга
Свято ранку,будильник,кава,фруктовий сніданок,книга,плед,сонячний маска,кружка,блокнот,термочашка,планер,мотиваційний наклейка,серветка,постер,теплий шкарпетка,скатертина
Свято музичних інструментів,Гітар,фортепіано - модель,постер з інструмент,мікрофон,нота,Метрон,підставка,Тюнер,книга,навушник,футболка з принт,планшет,плакат,Стікерпак,мішечок для струна
День цитрусових,апельсиновий сік,лимонниця,форма для льод,посуд,чайник,мармелад,наклейк,склянка,свічка з аромат,книга з рецепт,постер,термочашка,Ланчбокс,пляшка,серветка
День натхнення,блокнот,книга,постер з цитата,щоденник ідея,футболка,чашка з мотив,планер,закладка,настільний лампа,свічка,косметик,папір для нотатка,ручка,фоторамка,наліпок
День фруктів,кошик,фрукт,склянка,ніж,обробний дошка,миска,постер,фартух,серветка,набір для сік,пляшка,посуд кольоровий,футболка,чашка,книга з рецепт
Свято пледів,плед,подушка,чашка,книга,світильник,свічка,теплий шкарпетка,килимок,настільний лампа,скатертина,футболка,плакат,косметик,наклейк,термочашка
Свято друзів,фоторамка,постер,книга,настільний гра,подарунковий коробка,футболка парна,чашка для два,наліпок,браслета дружба,сертифікат,світильник,плед,підставка для чашок,планер спогад,блокнот
Свято спокою,Аромасвічка,маска для сон,плед,м’який іграшка,книга,постер з цитата,медитативний музика,підставка для чай,термочашка,подушка,окулярин,футболка,чашка,дифузор,блокнот
Свято фотографії,фотоапарат,плівка,рамка,фотобук,плакат,Селфі - стекти,світло,Лайтбокс,сумка,блокнот,Кепка,кружка з фото,магніт,подарунковий коробка,Флешка
Свято кавових шедеврів,кавоварка,кавомолка,кава,молочник,фартух,форма для малюнок,кружка,термочашка,постер,планер,серветка,посуд,книга,ложечка,цукорниця
День листопаду,плед,книга,горнятко,шарф,шапка,свічка,постер,настільний лампа,термочашка,закладка,теплий шкарпетка,аромапаличка,чай,папір для нотатка,календар
Свято здоров'я,пляшка для вода,фітнес - гумка,килимок,Шейкер,Ланчбокс,скакалка,браслет активність,книга про здоров’я,план харчування,блокнот звичок,рушник,спортивний сумка,настільний лампа,сертифікат у спортзал,термос
День логіки,настільний гра,книга задач,кубик Рубік,планер,пазл,щоденник,Стікерпак,лінійка,олівець,тематичний футболка,настільний лампа,наліпок,футболка,блокнот,Маркер
Свято борщу,каструль,ложка,набір спеція,фартух,миска,поварський книга,свічка з часник,червоний перець,серветка,обробний дошка,ніж кухарський,ложечка для проба,скатертина,посуд,Майка з надпис
День фантастики,книга фантастика,постер з герой,футболка з цитата,світильник з галактика,Стікерпак,Флешка,настільний гра,кружка з космос,окулярин VR,плакат,наліпок,календар,блокнот,маска для сон,
День домашнього декору,подушка,плед,світильник,настінний декор,картина,ваза,годинник,килимок,свічка,книга по дизайн,кошик для зберігання,скатертина,рамка,кріплення,рослина в горщик
Свято гарбуза,Гарбуз,форма для запікання,книга з рецепт,свічка з аромат,постер,скатертина,супниця,наклейк,миска,серветка,фартух,молочник,посуд,плед,футболка з гарбуз
День флориста,квіти,ваза,ножиця для флорист,секатор,папір для букет,Лент,стрічка,декоративний елемент,Клей,квітковий горщик,блокнот ідея,фартух,сертифікат на навчання,настільний лампа,
День вишиванки,вишиванка,голка,муліне,схема,п’яльце,тканина,книга з візерунок,постер,нитка,футболка з орнамент,серветка,значок,ручка,блокнот,листівка
Свято лавандового аромату,Аромасвічка,лавандовий олія,пакетик з лаванда,чашка з квітка,подушка,косметик,чай,мило ручний робота,саше,маска для сон,рушник,постер,фартух,плед,блокнот
День вина,келих,штопор,сирний тарілка,винний полиця,серветка,книга про вино,глечик,скатертина,свічка,постер,корок,ніж для сир,подарунковий коробка,декор для стіл,чохол на пляшка
Свято читання вголос,книга,закладка,футболка з цитата,плед,кружка,настільний лампа,постер,Стікерпак,блокнот,наліпок,підставка для книга,маска для око,сертифікат,календар читач,рамка з текст
День піци,піца,ніж для піца,скатертина,фартух,посуд,миска,книга з рецепт,Терко,сир,соус томатний,серветка,кружка,плакат,пательня,пакування
День волі,прапорець,футболка з гасло,постер,свічка,сертифікат на навчання,книга,наліпок,браслет,ручка,блокнот,настільний лампа,чашка,магніт,плакат,календар
День кібербезпеки,антивірус,плакат про пароль,блокнот,планер,флешка з шифрування,сертифікат на навчання,Мишко,клавіатура,окулярин для екран,стікер,постер,книга,настільний гра про безпека,чашка з жарт,підставка
День зефіру,зефір,Какао,плед,чашка,посуд,свічка,постер з солодкий,скатертина,серветка,теплий шкарпетка,книга,фартух,Карамель,блокнот,листівка
День фітнесу,спортивний пляшка,браслет активність,рушник,кросівка,гумка фітнес,скакалка,Ланчбокс,Шейкер,блокнот,термочашка,футболка,сертифікат у спортзал,постер,мотиваційний цитата,килимок
День гри в шахи,шах,годинник шаховий,постер,книга по шахи,фішка,футболка з шахи,планшет,світильник,плед,настільний лампа,блокнот хід,ручка,Кепка,чашка,Магнітний дошка
Свято гіків,футболка з принт,фігурка герой,комікс,Стікерпак,кружка,книга,маска,браслет,рюкзак,настільний гра,плакат,наклейк,Флешка,планер,постер з код
Свято цитат,постер,блокнот,Стікерпак,футболка з цитата,кружка,закладка,планер,плакат,книга з цитата,наліпок,ручка,фоторамка,листівка,плед,календар
День подушок,подушка декоративний,плед,наволочка,постіль,чашка,настільний лампа,свічка,серветка,книга,маска для сон,блокнот,футболка,рамка,наліпок,косметик
Свято свічок,Аромасвічка,підсвічник,подарунковий набір,пакування,постер,плед,книга,скатертина,теплий шкарпетка,світильник,кружка,ручка,планер,сертифікат,наліпок
День цитрусових чаїв,чай лимонний,чай апельсиновий,кружка,мед,ложка,серветка,постер з чаєм,планер,блокнот,книга з рецепт,цукат,Карамель,футболка,косметичка,маска
День позитиву,Стікерпак,кружка з усмішка,футболка,постер,блокнот вдячність,книга натхнення,планер,сертифікат,календар настрій,наліпок,подушка,плед,світильник,чашка,ручка
День ручної роботи,нитка,гачка,голка,тканина,Клей,фартух,палітро,скотч,сумка - органайзер,блокнот ідея,сертифікат на майстер - клас,постер,книга,кисть,Пенал
День енергії,світильник,Пауербанк,лампочка,сонячний панель ( настільний ),книга про енергетика,термос,футболка з блискавка,постер,USB - лампа,свічка,наліпок,ручка,блокнот,підставка для девайс,еко-сумка
День повітря,повітряний змій,мильний бульбашка,флюгер,блокнот з хмара,легкий шарф,футболка,капелюх,парасоль,пляшка для вода,книга,серветка,наліпок,постер,маска для обличчя,фоторамка
Свято бургерів,Гриль,фартух,ніж,лопатка,тарілка,серветка,скатертина,соус,булка,котлет,овочі,посуд,напій,плакат,футболка
День пригод,карта,пляшка,блокнот,термос,наплічник,Кепка,планер,Фонарик,палатка,книга,футболка,постер,ліхтарик,сертифікат на мандрівка,ручка
День гігантських речей,гігантський чашка,великий подушка,постер формат A1,футболка оверсай з,маска для сон XL,гігантський шкарпетка,плед 3м,настільний лампа,наліпка формат XXL,ковдра,термочашка,книга великий формат,папка,блокнот,сумка - шопер
День синього кольору,синій ручка,блокнот,футболка,скатертина,плед,чашка,Стікерпак,косметичка,серветка,настільний лампа,постер,шапка,сумка,папка,маска
Свято млинців,сковорідка,лопатка,тісто,сироп,Джем,книга з рецепт,серветка,чайник,чашка,фартух,посуд,скатертина,Карамель,постер,косметик з запах ваніл
День пазлів,пазл,рамка,Стікерпак,настільний гра,кружка,блокнот,футболка з пазла,постер,планер,чохол з принт,наліпок,папка,Гаманець,термочашка,сертифікат
Свято ялинки,ялинка,гірлянда,іграшка,серпантин,свічка,тематичний постер,кружка,плед,шкарпетка,шапка,скатертина,набір для подарунок,книга зимовий,планер,наліпок
День дикої природи,бінокль,капелюх,рюкзак,книга про тварина,пляшка для вода,свисток,футболка з принт,наліпок,постер,косметичка,термос,сонцезахисний окуляри,сертифікат у заповідник,маска,Фонарик
День хвиль,футболка,пляжний рушник,пляжний сумка,крем від сонце,окулярин,Кепка,плавка,книга,пляшка,постер із хвиля,серветка,термочашка,квітка,шльопанець,Гамак
Свято кімнатних рослин,горщик,добриво,пульверизатор,грабельки,ножиця,Горшок - квітка,книга про рослина,настільний лампа,постер,рукавичок,поливальниця,планер догляд,мітка,лійка,
День поєднання смаків,набір спеція,сирний тарілка,винний пляшка,фруктовий кошик,скатертина,посуд,книга про кулінарій,постер,кружка,серветка,чай,фартух,Карамель,мед,блокнот дегустатор
День LEGO,набір LEGO,футболка з логотип,фігурка,сумка,блокнот,постер,наліпок,книга про конструктор,стікер,планер,чашка,Пенал,коробка для деталь,Флешка,
День рюкзака,рюкзак,пляшка,планер,блокнот,постер,футболка,Кепка,наліпок,косметичка,книга,чашка,термос,плед,серветка,світильник
День піжами,піжама,плед,кружка,настільний лампа,маска для сон,тапочка,постіль,футболка,закладка,книга,свічка,подушка,сертифікат у магазин,рукавичок,наліпок
День мов,книга з граматик,флеш - картка,плакат з мова,підручник,блокнот,словник,планер,футболка з цитата,кружка,настільний лампа,наліпок,ручка,прапорець,сертифікат на курс,папка
Свято ідей,блокнот,планер,постер,футболка,кружка,книга,папка,ручка,лампа,чохол з цитата,календар,наліпок,настільний лампа,браслет,мотиваційний набір
Свято тиші,маска для сон,Беруш,плед,книга,свічка,постер,кружка,маска для обличчя,аромапаличка,сертифікат на релакс,настільний лампа,стікер,блокнот,піжама,подушка
День шкарпеток,шкарпетка з принт,подарунковий коробка,стікер,футболка,постер,блокнот,наліпок,косметичка,чашка,книга,сумка,шапка,плед,календар,браслет
Свято ноутбука,підставка,Мишко,клавіатура,серветка,Флешка,постер,планер,ручка,чашка,килимок для миша,настільний лампа,органайзер,книга,сумка для ноутбук,сертифікат
Свято чаювання,чайник,чашка,набір чай,підставка,серветка,планер,книга,Карамель,фартух,скатертина,ковдра,термос,постер,ложечка,свічка
Свято доброти,книга натхнення,блокнот,планер,постер,сертифікат на добрий справа,наліпок,футболка,кружка,плед,термочашка,ручка,стікер,папка,браслет,квітка
Свято балкону,гірлянда,плед,подушка,кавоварка,книжка,квітка в горщик,скатертина,стілець,килимок,серветка,постер,кружка,Стікерпак,маска для око,фартух
День шопінгу,сумка - шопер,Гаманець,картка подарунковий,планер витрата,футболка,постер,чашка,косметичка,наліпок,папка,серветка,плед,сертифікат,книга про стиль,календар
Ремонт у домі,фарба,Пензель,рулетка,рукавичок,респіратор,скотч малярний,шпатель,кисть,драбина,плівка захисний,Валик,лампа,ламінат,рівень,сміттєвий мішок
Переїзд на нове місце,картонний коробка,скотч,Маркер,мішок для одяг,транспортний стрічка,органайзер,ручка,чашка,ключниця,засіб для прибирання,постіль,рушник,світильник,штори,фоторамка
Народження дитини,пелюшка,Бодік,пляшечка,соска,підгузок,коляска,ковдра,рукавичок дитячий,шапочка,іграшка - брязкальце,нагрудник,гніздечко,подушка для годування,книга для батьки,термометр
Вечірка з друзями вдома,чіпс,напій,настільний гра,світлодіодний гірлянда,колонка,серветка,ковдра,плед,подушка,футболка з прикол,Селфі - стекти,тематичний постер,тарілка,келих,скатертина
Похід у супермаркет,сумка - шопер,план покупок,ручка,футболка з кошик,наліпок на продукт,термопакет,пляшка для вода,блокнот,косметичка,сертифікат,Гаманець,папка для чек,антисептик,серветка,
Гостини до бабусі,квітка,торт,чай,шоколад,книга,хустка,плед,підставка для чашка,сертифікат в аптека,футболка з надпис,носовий хустинка,рамка з фото,скатертина,серветка,листівка
Нічне навчання,кава,настільний лампа,блокнот,планер,ручка,книга,плед,навушник,стікер,пляшка для вода,Капюшон,Маркер,серветка,очин крапля,маска для сон
Зустріч з кумом,книга,пляшка алкоголь,подарунковий бокс,футболка з жарт,настільний гра,постер,кружка,планшет для фото,блокнот,косметик,шапка,брелок,ковдра,годинник,
Приїзд родичів,чашка,посуд,плед,фоторамка,скатертина,серветка,світильник,фрукт,печиво,планер,постер,книга,ключниця,свічка,настільний гра
Планування подорожі,карта,блокнот,футболка з напис,ручка,рюкзак,пляшка для вода,планер,книжка,сертифікат,сонцезахисний окуляри,Гаманець,Пауербанк,планшет,навушник,термочашка
Заміський пікнік,мангал,вугілля,решітка,Шампура,посуд одноразовий,скатертина,серветка,плед,рушник,термос,футболка,ковдра,книга,Фонарик,ліхтар
Початок відпустки,Чемодан,косметичка,планер,книга,футболка,шльопанець,капелюх,сонцезахисний окуляри,чашка,рушник,карта,навушник,маска для сон,подушка,квиток
Кухонна перебудова,посуд,каструль,миска,поличка,органайзер,фартух,ложка,келих,набір ніж,рушник,чайник,планер меню,серветка,годинник,книга з рецепт
День без інтернету,книга,плед,чашка,настільний гра,пазл,свічка,маска для сон,календар,блокнот,ручка,настільний лампа,наліпок,футболка,подушка,теплий шкарпетка
Переїзд офісу,картонний коробка,Маркер,органайзер,папка,сумка,кріплення,ручка,папір,термочашка,сертифікат на кава,маска для сон,настільний лампа,футболка з логотип,плакат,паперовий рушник
Весняне прибирання,губка,мийний засіб,ганчірка,відро,рукавичок,щітка,пилосос,Швабро,планер,пакет для сміття,Аромасвічка,органайзер,постер,план дія,наліпок
Зимова підготовка дому,ковдра,плед,світильник,теплий шкарпетка,гарячий шоколад,капка,термос,обігрівач,свічка,настільний лампа,рукавичок,шапка,теплий халат,килимок,чай
Ранок перед екзаменом,блокнот,планер,ручка,кава,навушник,підручник,Маркер,термочашка,шкарпетка щастя,плакат для мотивація,сертифікат на кава,плед,маска для сон,Гаманець,папка
Похід у басейн,рушник,купальник,шапочка,окулярин,сланець,косметичка,засіб для душа,гребінець,сумка,вода,лосьйон для тіло,пляшка,навушник,крем SPF,футболка
Підготовка до співбесіди,планер,ручка,костюм,сорочка,настільний лампа,блокнот,окулярин,туфля,книга,футболка з мотивація,сертифікат,чашка,годинник,папка,косметик
Зустріч Нового року,гірлянда,ялинка,прикраса,скатертина,келих,свічка,тарілка,Ковпак,футболка з напис,календар,настільний гра,подарунковий коробка,чашка,феєрверк,постер
Сезон закруток,банка,кришка,закаточний ключ,рушник,фартух,наклейк,сіль,овочі,посуд,книга з рецепт,серветка,ложка,Воронко,ганчірка,планер
Сніданок у ліжко,піднос,кружка,чайник,фруктовий набір,серветка,плед,постіль,свічка,книга,чашка,плакат,термочашка,футболка,ложечка,косметик
Візит сантехніка,ключ,відро,ганчірка,перчатка,миючий засіб,рушник,папір,зошит,планер,серветка,маска,футболка « майстер »,наліпок,пакет,Фонарик
Карантин удома,антисептик,маска,планер,книга,чашка,плед,рукавичок,серветка,Стікерпак,настільний гра,свічка,термочашка,блокнот,футболка,скатертина
Посиденьки на балконі,світильник,скатертина,чашка,книга,плед,квітка,подушка,стілець,футболка,постер,термочашка,гірлянда,серветка,блокнот,ліхтар
Пікнік біля озера,кошик,посуд,плед,напій,фрукт,ковдра,Кепка,крем SPF,книга,сонцезахисний окуляри,пляшка для вода,скатертина,серветка,музика,ліхтарик
Збір у похід,наплічник,намет,каремат,Фонарик,посуд туристичний,пляшка,карта,компас,книга,шапка,кросівка,футболка,термобілизна,рукавичок,ніж
Сезон дощів,парасоль,плащ,гумовий чобіт,чашка,книга,шапка,плед,настільний лампа,серветка,футболка з дощ,термочашка,постер,маска,рукавичок,горнятко
Вечір з улюбленим серіалом,проєктор,плед,попкорн,напій,футболка з герой,кружка,постер,подушка,настільний лампа,сертифікат на підписка,серветка,плакат,термочашка,Стікерпак,книга
Готування до школи,Пенал,зошит,ручка,олівець,рюкзак,папка,картка,форма,пляшка для вода,Ланчбокс,фломастер,підручник,блокнот,щоденник,наліпок
Неділя для себе,книга,Аромасвічка,маска для обличчя,плед,планер,чай,футболка,масажер,косметик,настільний лампа,блокнот,сертифікат,квітка,чашка,Карамель
Післяпокупочний релакс,плед,сумка,чашка,чай,сертифікат,косметик,футболка,блокнот,маска,масажер,свічка,книга,постер,лампа,скатертина
Техніка не працює,інструкція,планер,блокнот,футболка « IT гура »,книга,чашка,маска для око,постер,серветка,наліпок,сертифікат на майстер,Флешка,ручка,Гаманець,
Збір до університету,рюкзак,планер,ручка,Ноутбук,термочашка,футболка,зошит,косметичка,постер,книга,навушник,блокнот,наліпок,пляшка,плед
Ранкові збори на роботу,будильник,планер,футболка,штани,чашка,кава,сумка,ручка,серветка,косметик,книга,термочашка,навушник,маска,постер
Вечір перед важливою подією,книга натхнення,планер,ручка,Аромасвічка,маска для сон,футболка,чашка,плед,мотиваційний постер,настільний лампа,сертифікат,косметик,термос,закладка,папка
Подія,товар 1,товар 2,товар 3,товар 4,товар 5,товар 6,товар 7,товар 8,товар 9,товар 10,товар 11,товар 12,товар 13,товар 14,товар 15
Перший день на новій роботі,планер,блокнот,ручка,футболка з напис,Гаманець,термочашка,косметичка,чашка,рюкзак,навушник,книга,папка,Картхолдер,постер,сертифікат на кава
Вихідні без гаджетів,книга,пазл,настільний гра,свічка,плед,маска для сон,чай,закладка,блокнот,планер,косметик,футболка,рукавичок,скатертина,ковдра
Прибирання в шафі,органайзер,коробка,вішалок,гачка,пакет вакуумний,фартух,Маркер,серветка,блокнот,планер,сумка,папка,рукавичок,постер,ганчірка
Візит батьків,скатертина,посуд,серветка,плед,свічка,фоторамка,планер обід,кружка,подарунок,чайник,книга,солодощі,постер,сумка,настільний гра
День біля каміна,плед,Какао,книга,теплий шкарпетка,чашка,маска для обличчя,Аромасвічка,світильник,косметик,масажер,футболка,постер,закладка,рукавичок,настільний лампа
Вечір домашнього спа,сіль для ванна,пін,маска,свічка,пляшка вода,плед,косметик,планер догляд,масажер,аромаолія,постер,Пеньюар,полотенце,музика,чашка
Дощовий ранок,парасоль,плащ,кружка,чай,плед,книга,шарф,серветка,скатертина,ковдра,настільний лампа,рушник,футболка,постер,термочашка
Перегляд старих фото,фотоальб,фоторамка,наклейк,плакат,серветка,кружка з фото,плед,скринька,сумка,чохол для фото,постер з сім’я,блокнот спогад,настільний лампа,книга,термочашка
Ранок вихідного,кава,книга,плед,піжама,тапочка,постіль,чашка,футболка,свічка,закладка,блокнот,ручка,настільний лампа,серветка,термос
Готування до вечірки,фартух,світлодіодний гірлянда,колонка,посуд одноразовий,скатертина,свічка,постер,подарунковий пакет,ковпачка,карта вечір,сертифікат,футболка з прикол,маска,косметик,напій
День народження,папір для подарунок,свічка,вітальний листівка,фоторамка,подарунковий пакет,плюшевий іграшка,ковпак для вечірка,гірлянда,набор кулька,декоративний лампочки,,,,,
Новий рік,ялинковий прикраса,гірлянда,сніговий куля,подарунковий коробка,новорічний чашка,тематичний серветка,новорічний шкарпетка,свічка на батарейк,святковий сервірувальний прикраса,новорічний вінок,,,,,
День знань,зошит,ручка,рюкзак,ланчбокс,пенал,лінійка,стікер,маркер,папка,обкладинка для книга,,,,,
Весілля,фотоальбий,фужер для шампанське,гостьовий книга,весільний сувенір,декоративний свічка,фігурка для торт,пелюстка квіти,тримача для кільце,конфеті,тематичний скатертина,,,,,
Baby Shower,одяг для немовлят,м’яка іграшка,ковдр для дитина,фоторамка для дитячий фото,подарунковий коробка,іграшка для прорізування зуб,слинявчик,дитячий пляшечка,декор для кімната,музичний іграшка,,,,,
Випускний,фотоальбий,трофій,подарунковий сертифікат,мотиваційний плакат,декоративний предмет,вітальний банера,ручка,планера,зошит,обрамлений сертифікат,,,,,
Різдво,святковий чашка,подарунковий пакет,тематичний прикраса,свічка,шкарпетка для подарунок,святковий гірлянда,сніговий куля,декор для стіл,святковий рушник,подарунковий набор,,,,,
Хелловін,маска,Гарбуз декорація,гірлянда,свічка,тематичний наклейк,штучний павутина,костюм,сумка для солодщі,ліхтарик,Гарбуз фігурка,,,,,
День Святого Валентина,валентинка,плюшевий іграшка,свічка,шоколадний набор,рамка для фото,квітковий ваз,подушка - серце,ароматичний масло,кулона або браслета,подарунковий коробка,,,,,
Великдень,декоративний яйце,кошик,наклейк для яйце,тканинний серветка,фігурка зайчик,форма для випічка,вітальний листівка,папір для випічка,святковий рушник,свічка,,,,,
День матері,квітковий ваз,декоративний свічка,тематичний листівка,кухонний текстиль,шоколадний набор,ароматичний свічка,подушка для відпочинок,подарунковий пакет,набор для чай або кава,ароматизатор для дім,,,,,
День батька,кружка з напис,ремін,гаманка,набор інструмент,фляг,спортивний пляшка для вода,тематичний футболка,декоративний рамка,Брелока,подарунковий коробка,,,,,
Ювілей,пам’ятний фотоальба,гравірований келих,святковий банера,свічка,фоторамка,подарунковий коробка,набор декор для стіл,серветка із тематичний візерунок,декоративний стрічка,тематичний листівка,,,,,
Річниця весілля,келих для шампанське,декоративний свічка,рамка для спільний фото,м’яка подушка у форма серце,ковдр,шоколадний набор,ваз для квіти,подарунковий сертифікат,набор ароматичний свічок,листівка з побажання,,,,,
Перший день у школі,зошит з яскравий обкладинка,ручка,олівець,пенал,лінійка,ланчбокс,рюкзак,гумка,клей - олівець,обкладинка для підручник,,,,,
Благодійний захід,подарунковий пакет,набор канцелярія,тематичний листівка,блокнот,декоративний коробка,свічка,подарунковий сертифікат,мотиваційний плакат,плюшевий іграшка,тематичний декор,,,,,
Пікнік,одноразовий посуд,паперовий серветка,пікніковий ковдр,холодильний пакет,контейнер для їжа,сітки для гриля,пластиковий стакан,набор столовий прибор,термоси,набор для барбек,,,,,
День святого Миколая,святковий коробка,новорічний шкарпетка,листівка для дитина,подарунковий набор,іграшка,тематичний свічка,шоколадний фігурка,прикраса для дім,солодощі,гірлянда,,,,,
День незалежності,національний прапори,браслета із патріотичний символіка,настінний плакат,декоративний серветка,тематичний футболка,гірлянда з національний мотива,кружка із герб або прапор,декоративний магніт,значок або наліпка,листівка з патріотичний побажання,,,,,
Сімейний збір,фотоальбий,настільний ігра,святковий скатертина,набор серветок,кухонний текстиль,посуд для сервірування,келих для напой,ковдр для пікніка,декоративний підсвічник,лампа на батарейк,,,,,
Новий автомобіль,ароматизатор для авто,чохла для сидіння,органайзер для багажник,щітка для очищення скло,ганчірка для полірування,підстаканник,зарядний пристрій для авто,автомобільний килимка,наліпок для декор,декоративний іграшка на дзеркало,,,,,
Весняне прибирання,рукавичок для прибирання,миючий засіб,серветка для пил,швабр та відро,освіжувач повітря,органайзер для річ,паперовий рушник,щітка для важкодоступний місце,кухонний губка,пакет для сміття,,,,,
День бабусі,ваз для квіти,набор для рукоділля,подушка для відпочинок,кухонний текстиль ( рушник,прихватка ),листівка з подяка,чайний набор,декоративний свічка,рамка для фото,книжка для запис рецепт,тематичний браслета,,,,
День дідуся,настільний органайзер,тематичний футболка,брелок для ключ,кружка з напис про дідуся,листівка з теплий слово,комплект інструмент,ковдр для затишка,настінний постер,подарунковий коробка,тематичний магніт,,,,,
День закоханих,сердечка - подушка,ароматичний свічка,вітальний листівка,квітковий ваз,тематичний серветка,шоколадний набор,комплект ароматичний масло,плюшевий іграшка,декоративний підсвічник,романтичний постер,,,,,
День відкриття магазину,святковий банера,гірлянда,набор повітряний кулька,подарунковий пакет,декоративний стрічка,тематичний серветка,листівка для клієнт,ковпак для вечірка,паперовий стаканчик та тарілка,святковий наклейк,,,,,
Вечір кіно вдома,пледа для затишка,миска для попкорн,набор для приготування попкорн,декоративний лампочки,тематичний подушка,свічка для атмосфера,набор для приготування напой,кухонний текстиль ( серветка,рушник ),настільний ігра для перерва,постер для створення атмосфера,,,,
День еколога,сумка для покупок із тканина,органайзер для сортування сміття,еко- чашка,комплект для вирощування рослина,контейнер для багаторазовий використання,багаторазовий пляшка для вода,лампа на сонячний батарея,еко-щітка для прибирання,серветка з бамбуковий волокно,декоративний вазон,,,,,
День переїзду,коробка для зберігання,органайзер,скотч для пакування,етикетка для маркування,папір для обгортання,багаторазовий мішок для річ,рукавичок для пакування,чохла для меблі,губка та серветка для прибирання,освіжувач повітря,,,,,
День спорту,спортивний пляшка для вода,рушник для тренування,еластичний стрічка для вправа,йога - килим,тематичний футболка,настінний мотиваційний плакат,Масажний ролик,Брелока із символіка спорт,листівка з побажання успіх,сумка для спортивний одяг,,,,,
Осінній фестиваль,гірлянда з осінній листок,декоративний гарбуз,пледа,свічка з аромат осінь,кухонний текстиль із осінній візерунок,керамічний ваз,набор для випічка,тематичний серветка,наклейк з осінній тематика,святковий листівка,,,,,
Святковий бранч,тематичний посуд,серветка,скатертина,чашка з декор,набор для чай,декоративний підставка для стіл,свічка для створення атмосфера,келих для напой,прикраса для сервірування,органайзер для столовий прибор,,,,,
День музики,тематичний постер,набор навушник,чохла для музичний інструмент,стильний блокнот для нотатка,аксесуара для музичний інструмент,декоративний свічка у форма нота,брелок з музичний тематика,тематичний футболка,рамка для фото з музичний візерунок,подарунковий сертифікат,,,,,
День друзів,настільний ігра,кружка з напис про дружба,фотоальбий для спільний спогад,ковдр для затишний вечір,листівка з побажання,Брелока у форма сердець або друг,подушка із напис,ароматичний свічка,набор для чаювання,тематичний значок,,,,,
День народження домашнього улюбленця,іграшка для тварина,миска для корма,лежанка,одяг для тварина,щітка для догляд за шерсть,ласощі,тематичний бантика,повідка або нашийник,ковдр для тварина,набор для догляд,,,,,
День фотографії,рамка для фото,альбом для фотографія,світловий гірлянда для фото,магніт для фото,листівка для підпис,фотопапір,декоративний кліпесь для кріплення фото,тематичний стікер,коробка для зберігання фото,книжка для скрапбукінг,,,,,
День гумору,сувенірний футболка з жарт,маска для розіграш,наліпок з гумористичний напис,тематичний чашка,жартівливий значок,настільний ігра з веселий завдання,брелок з мема,листівка з жарт,комічний магніт на холодильник,іграшка - антистрес,,,,,
День кіно,настінний плакат із постер улюблений фільм,пледа для затишний вечір кіно,миска для попкорн,кружка із зображення герой фільм,декоративний лампа у форма кінокамера,серветка із кінотематика,листівка із цитата з фільм,Брелока у форма кінохлопавка,настільний органайзер для зберігання диск,тематичний подушка,,,,,
День природи,вазон для кімнатний рослина,горщик для квіти,комплект для садівництво,сумка для сортування сміття,набор для вирощування рослина,тематичний листівка,освітлення на сонячний батарея,серветка із природний мотива,органайзер для зберігання річ,еко - пляшка,,,,,
День толерантності,браслета із символіка рівність,тематичний футболка,листівка з мотивуючий слово,плакат із заклик до толерантність,наліпок із символіка мир,тематичний чашка,магніт з позитивний напис,свічка із надихаючий слово,брелок із символіка рівність,настінний постер,,,,,
День здоров'я,йога - килим,пляшка для вода,Масажний ролик,набор для догляд за тіло,рушник для тренування,настінний мотиваційний плакат,органайзер для медикамент,листівка із порада для здоровий спосіб життя,подарунковий сертифікат,ароматичний свічка,,,,,
Святкова вечеря,тематичний посуд,скатертина,келих для напой,декоративний серветка,підставка для столовий прибор,свічка для атмосфера,набор для приготування страва,чашка з дизайн до свято,подарунковий коробка,органайзер для спеція,,,,,
День весни,вазон для квіти,набор для садівництво,ароматичний свічка з весняний запах,пледа для пікніка,декоративний фігурка зайчик або квіти,тематичний листівка,кухонний текстиль із квітковий мотива,горщик для посадка рослина,серветка з весняний візерунок,світлодіодній лампа у форма квіти,,,,,
День кухаря,фартух з напис,набор лопаток та вінчик,силіконовий форма для випічка,декоративний баночка для спеція,рукавичок для гарячий,кухонний таймер,подарунковий серветка,блокнот для рецепт,декоративний рушник,посуд для сервірування,,,,,
Відпустка,валіз або дорожній сумка,багаторазовий пляшка для вода,органайзер для косметик,сонцезахисний окуляри,пляжний рушник,крем для захист від сонце,капелюх,тематичний футболка,лампа для кемпінг,сувенірний магніт,,,,,
День книги,закладка для книга,світлодіодній лампа для читання,тематичний чашка із цитата,блокнот для нотаток,листівка з улюблений цитата,обкладинка для книга,декоративний магніт із зображення книга,органайзер для зберігання книга,тематичний постер,подарунковий коробка,,,,,
Святковий концерт,тематичний плакат,світлодіодній паличка,кружка із символіка улюблений гурт,настільний рамка для фото,значок або браслета,підставка для квиток,тематичний листівка,подушка з музичний принт,свічка з аромат атмосфера,подарунковий коробка,,,,,
Перший сніг,пледа для затишка,свічка з зимовий аромат,тематичний чашка для гарячий шоколад,рукавичок або шапка,сніжинка для декор,наліпок із зимовий мотива,ліхтарик на батарейк,килимка із зимовий принт,Брелока у форма сніжинок,альбом для зимовий фото,,,,,
Літній табір,рюкзак,пляшка для вода,пледа для кемпінг,ліхтарик для ночівля,ланчбокс,гігієнічний серветка,захисний крем від сонце,тематичний футболка,ковпак для вечірка біля вогонь,комплект для творчість,,,,,
День молоді,тематичний футболка,брелок із веселий напис,набор настільний гра,органайзер для гаджет,сумка для шопінг із принт,пляшка для вода,тематичний постер,кружка із мотиваційний цитата,наліпок для ноутбук,подарунковий сертифікат,,,,,
Ремонт у домі,рукавичок для робота,щітка та губка,набор фарбувальний пензля,клейовий пістолет,органайзер для інструмент,стрічка для фарбування,набор гачок та тримач,лампочка для освітлення,текстиль для оновлення кімната,килимка для інтер’єра,,,,,
День учителя,тематичний чашка,листівка з подяка,набор блокнот,подарунковий ручка,тематичний магніт,декоративний свічка,серветка із візерунок,подарунковий коробка,фоторамка для спільний фото,набор для чаювання,,,,,
День тренера,спортивний рушник,пляшка для вода,тематичний футболка,настінний плакат з мотивація,органайзер для інструмент,Масажний ролик,Брелока із символіка спорт,листівка з подяка,подарунковий сертифікат,набор для догляд,,,,,
День першого побачення,тематичний свічка,пледа для романтичний атмосфера,листівка з побажання,тематичний подушка,набор для чаювання,кружка у форма серце,брелок для закохані,фоторамка для майбутній спогад,ароматичний свічка,подарунковий коробка,,,,,
День відкриття бізнесу,святковий банера,гірлянда,повітряний кулька,набор для сервірування стіл,листівка для клієнт,органайзер для канцелярія,паперовий серветка,декоративний підсвічник,коробка для сувенір,Брелока із символіка бізнес,,,,,
День бабусі й дідуся,пледа для затишка,настінний фоторамка,комплект для рукоділля,набор для чай або кава,листівка із вдячність,тематичний вазон,декоративний свічка,подарунковий коробка,текстиль для дім,брелок для ключ,,,,,
День осіннього листя,декоративний гарбуз,серветка із осінній мотива,пледа для затишка,листівка із тематичний вірш,світлодіодній лампа у форма листя,декоративний підсвічник,горщик для квіти,набор для садівництво,тканинний серветка,настінний прикраса,,,,,
День вина,тематичний келих,подарунковий набор штопори,скатертина для святковий стіл,настінний плакат із винний тематика,тематичний підставка для пляшок,серветка із відповідний мотива,подарунковий коробка,набор келих для дегустація,листівка з опис вино,декоративний аксесуара,,,,,
День рукоділля,набор для вишивання,органайзер для зберігання ниток,набор для створення прикрас,тематичний блокнот для ідея,коробка для зберігання матеріал,листівка із рукодільний мотива,декоративний рамка для готовий робота,пензля та фарба для творчість,набор для скрапбукінг,тематичний магніт,,,,,
День настільних ігор,набор настільний гра,ковдр для затишний атмосфера,серветка для закусок,кружка з веселий напис,листівка із правило гра,Брелока у форма кубик,тематичний подушка,настінний постер з логотип гра,настільний лампа для вечірній гра,коробка для зберігання аксесуар,,,,,
День домашнього затишку,ароматичний свічка,пледа,декоративний подушка,вазон для квіти,органайзер для річ,декоративний лампа,набор рушник,Брелока із символіка дім,листівка для побажання,тематичний магніт,,,,,
День фотографа,рамка для фото,фотокліпс,альбом для фотографія,настінний прикраса для фото,листівка із тематика фотографія,декоративний коробка для зберігання фото,набор для скрапбукінг,Брелока у форма камер,світлодіодній гірлянда для фото,тематичний чашка,,,,,
День Землі,сумка для багаторазовий використання,еко - пляшка для вода,горщик для рослина,органайзер для сортування сміття,набор для вирощування квіти,лампа на сонячний батарея,листівка з порада для екологічний життя,ароматичний свічка із натуральний матеріал,наліпок з екологічний тематика,тематичний постер,,,,,
День вишиванки,вишитий серветка,настільний рушник,тематичний браслета,листівка з візерунок,сумка з вишивка,брелок із традиційний орнамент,подарунковий коробка,настінний прикраса із національний мотива,плакат із традиційний символ,декоративний подушка із вишивка,,,,,
День кохання,сердечка - подушка,набор ароматичний свічок,тематичний листівка,декоративний рамка для фото,шоколадний подарунковий набор,вазон для квіти,набор для створення листівка,чашка у форма серце,Брелока для пара,подарунковий коробка,,,,,
Осінній пікнік,термоси,пледа,набор посуд для пікніка,серветка із осінній мотива,декоративний гарбуз,коробка для закусок,ліхтарик на батарейк,тематичний гірлянда,чашка із принт осінь,набор для барбек,,,,,
День зимових свят,святковий гірлянда,декоративний свічка,чашка із зимовий принт,тематичний листівка,настінний прикраса у форма сніжинок,коробка для подарунок,декоративний підставка для стіл,пледа для затишка,Брелока у форма зимовий символ,магніт із зимовий мотива,,,,,
День подяки,тематичний серветка,скатертина із святковий мотива,чашка із напис вдячність,набор для сервірування стіл,листівка із побажання,подарунковий коробка,тематичний гірлянда,декоративний свічка,плакат з напис дякувати,настільний прикраса,,,,,
Вечір спогадів,фотоальбий,рамка для фото,листівка із теплий слово,пледа для затишка,чашка для гарячий шоколад,декоративний свічка,набор для скрапбукінг,книжка для запис спогад,органайзер для зберігання фото,магніт із тематика пам’ять,,,,,
Літній фестиваль,сонцезахисний окуляри,сумка для пляж,гірлянда для декор,тематичний футболка,пляшка для вода,капелюх,серветка із літній мотива,лампа на батарейк,наліпок із символіка фестиваль,Брелока,,,,,
Святковий ярмарок,набор для випічка,тематичний листівка,скатертина для сервірування,кухонний текстиль,гірлянда із сезонний мотива,кружка із тематичний принт,коробка для подарунок,світлодіодній прикраса,декоративний свічка,пледа,,,,,
Річниця компанії,тематичний банера,корпоративний листівка,подарунковий ручка,альбом для фото співробітник,тематичний чашка із логотип,брелок для співробітник,подарунковий пакет,кухонний текстиль із корпоративний колір,настільний органайзер,сертифікат подяка,,,,,
День дітей,м’який іграшка,настільний ігра,розмальовка,набор олівець та фломастер,листівка з казковий персонаж,подарунковий пакет,тематичний подушка,набор для творчість,коробка для іграшка,Брелока із дитячий персонаж,,,,,
Романтичний вечір,свічка із романтичний аромат,пледа для затишка,рамка для фото,тематичний подушка,листівка із теплий побажання,набор для чаювання,кухонний текстиль із вишуканий мотива,шоколадний подарунковий набор,Брелока для пара,вазон для квіти,,,,,
День подорожей,рюкзак,багаторазовий пляшка для вода,органайзер для документ,капелюх для подорож,сонцезахисний окуляри,брелок із символ подорож,листівка із мотивуючий напис,тематичний чашка,пледа для довгий поїздка,контейнер для їжа,,,,,
Зимовий пікнік,термоси,пледа для тепло,набор одноразовий посуд,свічка для створення атмосфера,серветка із зимовий мотива,гірлянда на батарейк,чашка для гарячий напой,коробка для закусок,рукавичок для пікніка,набор для приготування їжа,,,,,
День домашнього улюбленця,іграшка для тварина,лежанка,миска для їжа,одяг для домашній улюбленець,повідка,щітка для догляд за шерсть,набор лас,коробка для зберігання корма,Брелока із символіка тварина,тематичний подушка,,,,,
Вечір креативності,набор для малювання,альбом для творчість,розмальовка,набор для створення прикрас,стійка для картина,пензля та фарба,набор для скрапбукінг,декоративний рамка,тематичний листівка,коробка для зберігання матеріал,,,,,
День першого снігу,свічка із зимовий аромат,пледа для затишка,гірлянда у форма сніжинок,тематичний чашка для гарячий шоколад,Брелока у вигляд сніговик,настінний прикраса із зимовий мотива,коробка для подарунок,серветка з зимовий візерунок,листівка із теплий побажання,декоративний сніжинка,,,,,
Вечір читання,пледа для затишка,лампа для читання,закладка для книга,настільний органайзер для книга,чашка із цитата,листівка із книжковий мотива,Брелока у форма книга,декоративний рамка для фото,книжковий підставка,тематичний наклейк,,,,,
Літній кемпінг,ліхтарик на батарейк,пледа для кемпінг,сумка для зберігання річ,термоси,набор для барбек,пляшка для вода,серветка для пікніка,контейнер для їжа,ковпак для вечірка біля вогонь,гамачка,,,,,
День вдячності,листівка з напис дякувати,тематичний чашка,подарунковий коробка,серветка із вдячний мотива,настінний прикраса із теплий слово,браслета із надихаючий напис,плакат для святковий декор,набор чай чи кава,декоративний свічка,рамка для фото,,,,,
Вечір настільних ігор,набор настільний гра,тематичний килимка для стіл,чашка із веселий напис,серветка для закусок,Брелока у форма ігровий фігура,настінний постер з логотип гра,органайзер для зберігання гра,пледа для затишний атмосфера,тематичний листівка,настільний лампа для вечірній гра,,,,,
День волонтера,листівка з подяка,тематичний футболка,настінний плакат з мотивація,подарунковий сертифікат,Брелока з напис допомагати – це круто,органайзер для канцелярія,еко - сумка для покупок,тематичний значок,декоративний свічка,магніт із символ допомога,,,,,
День спогадів,фотоальбий,рамка для фото,настільний органайзер для зберігання пам’ятка,листівка із теплий побажання,тематичний чашка для чаювання,свічка для затишний атмосфера,декоративний коробка для пам’ятний річ,пледа для вечір спогад,плакат з мотиваційний цитата,Брелока у форма сердець,,,,,
День гарбуза,декоративний гарбуз,свічка у форма гарбуза,серветка із осінній мотива,настінний прикраса із осінній візерунок,набор для вирізання гарбуз,листівка із тематика осінь,тематичний гірлянда,набор для сервірування стіл,кухонний текстиль із гарбузовий принт,коробка для подарунок,,,,,
День миру,плакат з символ мир,листівка із побажання гармонія,тематичний браслета,свічка із надихаючий напис,значок з символіка мир,чашка із напис мир у весь світ,набор для малювання із мирний мотива,магніт із символ голуб мир,брелок із символіка рівність,тематичний постер,,,,,
День нових починань,блокнот для планування,настільний органайзер,плакат із мотиваційний напис,тематичний ручка,листівка із побажання успіх,кружка з надихаючий цитата,подарунковий коробка,свічка для затишний атмосфера,магніт із позитивний напис,Брелока з напис новий старт,,,,,
